"Root","Root"
"Save Category","Salva la categoria"
"Delete Category","Elimina categoria"
"Reset","Reset"
"New Subcategory","Nuova sottocategoria"
"New Root Category","Nuova Categoria di Root"
"Set Root Category for Store","Imposta Categoria di Root per il Negozio"
"Use Config Settings","Usa Impostazioni di configurazione"
"Use All Available Attributes","Usa tutti gli attributi disponibili"
"Custom Design","Design Personalizzato"
"ID","ID"
"Name","Nome"
"SKU","SKU"
"Price","Prezzo"
"Position","Posizione"
"Category Data","Dati categoria"
"Category Products","Prodotti della categoria"
"Add Subcategory","Aggiungi Sottocategoria"
"Add Root Category","Aggiungi categoria di Root"
"Day","Giorno"
"Month","Mese"
"Year","Anno"
"<label class=""label""><span>from</span></label>","<label class=""label""><span>da</span></label>"
"<label class=""label""><span>to</span></label>","<label class=""label""><span>a</span></label>"
"[GLOBAL]","[GLOBALE]"
"[WEBSITE]","[WEBSITE]"
"[STORE VIEW]","[VISTA NEGOZIO]"
"WYSIWYG Editor","Editor WYSIWYG"
"Add Product","Aggiungi prodotto"
"label","etichetta"
"Product Attributes","Attributi prodotto"
"Add New Attribute","Aggiungi un nuovo attributo"
"Save in New Attribute Set","Salva nel nuovo Gruppo di attributi"
"Enter Name for New Attribute Set","Inserisci il nome del nuovo Gruppo di attributi"
"Save and Continue Edit","Salva e continua modifica"
"Save Attribute","Salva Attributo"
"Delete Attribute","Elimina l'attributo"
"Edit Product Attribute ""%1""","Modifica l'attributo prodotto ""%1"""
"New Product Attribute","Nuovo Attributo prodotto"
"Advanced Attribute Properties","Proprietà attributo avanzate"
"Attribute Code","Codice Attributo"
"This is used internally. Make sure you don't use spaces or more than %1 symbols.","Utilizzato internamente. Assicurarsi di non utilizzare spazi o più di %1 simboli."
"Default Value","Valore predefinito"
"Unique Value","Valore unico"
"Unique Value (not shared with other products)","Valore univoco (non condiviso con altri prodotti)"
"Not shared with other products","Non condiviso con altri prodotti"
"Input Validation for Store Owner","Convalida dell'input per proprietario del negozio"
"Add to Column Options","Aggiungi alle Opzioni di Colonna"
"Select ""Yes"" to add this attribute to the list of column options in the product grid.","Selezionare ""Sì"" per aggiungere questo attributo alla lista delle opzioni di colonna nella griglia prodotto."
"Use in Filter Options","Usa nelle opzioni del filtro"
"Select ""Yes"" to add this attribute to the list of filter options in the product grid.","Seleziona ""Sì"" per aggiungere questo attributo all'elenco di opzioni filtro nella griglia prodotti."
"Store View","Vista Negozio"
"Website","Website"
"Global","Globale"
"Scope","Ambito di applicazione"
"Declare attribute value saving scope","Dichiara ambito di salvataggio valore attributo"
"Storefront Properties","Proprietà Frontend negozio"
"Use in Search","Usa nella ricerca"
"Visible in Advanced Search","Visibile nella ricerca avanzata"
"Comparable on Storefront","Comparabili nel Negozio"
"Use for Promo Rule Conditions","Usa per le condizioni delle regole promozionali"
"Enable WYSIWYG","Abilita WYSIWYG"
"Allow HTML Tags on Storefront","Permetti Tag HTML nel frontend"
"Visible on Catalog Pages on Storefront","Visibile sulle pagine di catalogo nel frontend"
"Used in Product Listing","Usato per la lista prodotti"
"Depends on design theme","Dipende dal tema di design"
"Used for Sorting in Product Listing","Utilizzato per l'ordinamento nella lista prodotti"
"Media Image","Immagine media"
"Gallery","Galleria"
"System Properties","Proprietà di sistema"
"No","No"
"Yes","Sì"
"Data Type for Saving in Database","Tipo di dati per il salvataggio nel Database"
"Text","Testo"
"Varchar","Varchar"
"Static","Statico"
"Datetime","DateTime"
"Decimal","Decimale"
"Integer","Numero intero"
"Globally Editable","Modificabile Globalmente"
"Attribute Information","Informazione Attributo"
"Properties","Proprietà"
"Manage Labels","Gestisci Etichette"
"Visible","Visibile"
"Web Site","Website"
"Searchable","Ricercabile"
"Comparable","Confrontabile"
"Delete Selected Group","Elimina Gruppo Selezionato"
"Add New","Aggiungi Nuovo"
"Back","Indietro"
"Delete","Elimina"
"You are about to delete all products in this attribute set. Are you sure you want to do that?","Stai per eliminare tutti i prodotti in questo Gruppo di attributi. Sei sicuro procedere?"
"Save","Salva"
"New Set Name","Nome Nuovo Set"
"Edit Attribute Set '%1'","Modifica il Gruppo di attributi '%1'"
"Empty","Vuoto"
"Add Attribute","Aggiungi attributo"
"Add New Group","Aggiungi nuovo gruppo"
"Add Group","Aggiungi gruppo"
"Edit Attribute Set Name","Modifica il nome del Gruppo di attributi"
"For internal use","Per uso interno"
"Based On","Basato su"
"Add New Attribute Set","Aggiungi nuovo Gruppo di attributi"
"Add Attribute Set","Aggiungi Gruppo di attributi"
"Attribute Sets","Gruppo di attributi"
"Close Window","Chiudi finestra"
"New Product","Nuovo prodotto"
"Save & Edit","Salva e modifica"
"Save & New","Salva e Nuovo"
"Save & Duplicate","Salva e Duplica"
"Save & Close","Salva e Chiudi"
"Attributes","Attributi"
"Change","Modifica"
"Advanced Inventory","Inventario Avanzato"
"Websites","Website"
"Products Information","Informazioni prodotti"
"Category Name","Nome categoria"
"Parent Category","Categoria genitore"
"If there are no custom parent categories, please use the default parent category. You can reassign the category at any time in <a href=""%1"" target=""_blank"">Products > Categories</a>.","If there are no custom parent categories, please use the default parent category. You can reassign the category at any time in <a href=""%1"" target=""_blank"">Products > Categories</a>."
"We saved the price alert subscription.","L'iscrizione all'avviso di prezzo è stata salvata."
"We saved the stock notification.","La notifica dell'inventario è stata salvata."
"There are no customers for this alert.","Non ci sono clienti per questo avviso."
"First Name","Nome"
"Last Name","Cognome"
"Email","Email"
"Subscribe Date","Data di iscrizione"
"Last Notified","Notificato ultima volta"
"Send Count","Invia totale"
"New Attribute","Nuovo attributo"
"Type","Tipo"
"Attribute Set","Set di attributi"
"Status","Status"
"Visibility","Visibilità"
"Add New Option","Aggiungi nuova opzione"
"Import Options","Opzioni di importazione"
"Use Default","Usa predefinito"
"Import","Importa"
"Add New Row","Aggiungi nuova riga"
"Delete Row","Elimina riga"
"Tier Pricing","Fascia di prezzo"
"Default Price","Prezzo predefinito"
"All Websites","Tutti i Website"
"ALL GROUPS","TUTTI I GRUPPI"
"Add Price","Aggiungi prezzo"
"Default Values","Valori predefiniti"
"Related Products","Prodotti correlati"
"Up-sells","Prodotti alternativi"
"Cross-sells","Prodotti consigliati"
"Size for %1","Dimensione per %1"
"Watermark File for %1","File di filigrana per %1"
"Position of Watermark for %1","Posizione della filigrana per %1"
"Name in %1","Nome in %1"
"Quantity","Quantità"
"Edit","Modifica"
"Are you sure?","Sei sicuro?"
"Change Status","Modifica stato"
"Update Attributes","Aggiorna gli attributi"
"Images and Videos","Immagini e video"
"Click here or drag and drop to add images.","Clicca qui o trascina e rilascia per aggiungere immagini."
"Delete image","Elimina immagine"
"Make Base","Fai Base"
"Hidden","Nascosto"
"start typing to search category","inizia a digitare per cercare la categoria"
"New Category","Nuova Categoria"
"Images (.gif, .jpg, .png)","Immagini (. gif,. jpg,. png)"
"Add New Images","Aggiungi nuove immagini"
"Inc. Tax","Tasse incluse"
"Does this have a weight?","Questo ha un peso?"
"Product","Prodotto"
"Notify Low Stock RSS","Notifica RSS per scarsa disponibilità"
"Low Stock Products","Prodotti con scarsa disponibilità"
"%1 has reached a quantity of %2.","%1 ha raggiunto una quantità di %2."
"Home","Home"
"Go to Home Page","Vai alla Home Page"
"Subscribe to RSS Feed","Iscriviti al Feed RSS"
"Products Comparison List","Lista di confronto prodotti"
"N/A","N/D"
"AM","AM"
"PM","PM"
"-- Please Select --","-- Seleziona --"
"None","Nessuno"
"New Products from %1","Nuovi prodotti da %1"
"New Products","Nuovi prodotti"
"%1 - Special Products","%1 - prodotti a prezzo speciale"
"Click for price","Clicca per il prezzo"
"Special Expires On: %1","Il prezzo speciale termina il: %1"
"Price: %1","Prezzo: %1"
"Special Price: %1","Prezzo speciale: %1"
"Special Products","Prodotti a prezzo speciale"
"You deleted the category.","Hai eliminato la categoria."
"Something went wrong while trying to delete the category.","Qualcosa è andato storto nel tentativo di cancellare la categoria."
"Categories","Categorie"
"Manage Catalog Categories","Gestisci le categorie del catalogo"
"Manage Categories","Gestisci le Categorie"
"Category is not available for requested store.","Categoria non disponibile per il negozio richiesto."
"There was a category move error.","C'è stato un errore durante lo spostamento della categoria."
"There was a category move error. %1","C'è stato un errore durante lo spostamento di una categoria. %1"
"You moved the category","Hai spostato la categoria"
"Attribute ""%1"" is required.","L'attributo ""%1"" è obbligatorio."
"Something went wrong while saving the category.","Qualcosa è andato storto durante il salvataggio della categoria."
"You saved the category.","Hai salvato la categoria."
"Please select products for attributes update.","Seleziona i prodotti per l'aggiornamento degli attributi."
"Please make sure to define SKU values for all processed products.","Si prega di assicurarsi di definire valori SKU per tutti i prodotti processati."
"A total of %1 record(s) were updated.","Un totale di %1 record sono stati aggiornati."
"Something went wrong while updating the product(s) attributes.","Qualcosa è andato storto durante l'aggiornamento degli attributi prodotto."
"Catalog","Catalogo"
"Manage Product Attributes","Gestisci gli attributi prodotto"
"We can't delete the attribute.","Impossibile eliminare l'attributo."
"You deleted the product attribute.","Hai eliminato l'attributo prodotto."
"We can't find an attribute to delete.","Impossibile trovare un attributo da eliminare."
"This attribute no longer exists.","Questo attributo non esiste più."
"This attribute cannot be edited.","Questo attributo non può essere modificato."
"Edit Product Attribute","Modifica l'attributo del prodotto"
"An attribute set named '%1' already exists.","Un set di attributi denominato '%1' esiste già."
"Something went wrong while saving the attribute.","Qualcosa è andato storto durante il salvataggio dell'attributo."
"Attribute code ""%1"" is invalid. Please use only letters (a-z), numbers (0-9) or underscore(_) in this field, first character should be a letter.","Attribute code ""%1"" is invalid. Please use only letters (a-z), numbers (0-9) or underscore(_) in this field, first character should be a letter."
"We can't update the attribute.","Non è possibile aggiornare l'attributo."
"You saved the product attribute.","Hai salvato l'attributo del prodotto."
"An attribute with this code already exists.","Esiste già un attributo con questo codice."
"An attribute with the same code (%1) already exists.","Esiste già un attributo con lo stesso codice (%1)."
"You duplicated the product.","Hai duplicato il prodotto."
"This product no longer exists.","Questo prodotto non esiste più."
"Products","Prodotti"
"A group with the same name already exists.","Un gruppo con lo stesso nome esiste già."
"Something went wrong while saving this group.","Qualcosa è andato storto durante il salvataggio di questo gruppo."
"A total of %1 record(s) have been deleted.","Un totale di %1 record sono stati eliminati."
"A total of %1 record(s) have been updated.","Un totale di %1 record sono stati aggiornati."
"Something went wrong while updating the product(s) status.","Qualcosa è andato storto durante l'aggiornamento lo status di prodotto."
"Unable to save product","Impossibile salvare il prodotto"
"You saved the product.","Hai salvato il prodotto."
"SKU for product %1 has been changed to %2.","Lo SKU per il prodotto %1 è stato cambiato in %2."
"The image cannot be removed as it has been assigned to the other image role","L'immagine non può essere rimossa in quanto è stata assegnata all'altro ruolo di immagine"
"New Attribute Set","Nuovo Gruppo di attributi"
"The attribute set has been removed.","Il Gruppo di attributi è stato rimosso."
"We can't delete this set right now.","Non è possibile eliminare questo set in questo momento."
"New Set","Nuovo Set"
"Manage Product Sets","Gestisci i Set Prodotto"
"Manage Attribute Sets","Gestione dei Gruppi di attributi"
"This attribute set no longer exists.","Questo Gruppo di attributi non esiste più."
"You saved the attribute set.","Hai salvato il Gruppo di attributi."
"Something went wrong while saving the attribute set.","Qualcosa è andato storto durante il salvataggio del Gruppo di attributi."
"You added product %1 to the comparison list.","Hai aggiunto il prodotto %1 alla lista per il confronto."
"You cleared the comparison list.","Hai svuotato la lista per il confronto."
"Something went wrong  clearing the comparison list.","Qualcosa è andata storta durante la cancellazione della lista per il confronto."
"You removed product %1 from the comparison list.","Hai rimosso il prodotto %1 dalla lista per il confronto."
"1 item","1 elemento"
"%1 items","%1 elementi"
"Invalid attribute %1","Attributo non valido %1"
"Grid","Griglia"
"List","Lista"
"All","Tutti"
"Product is not loaded","Il prodotto non è stato caricato"
"Bad controller interface for showing product","Interfaccia controllo scadente per mostrare il prodotto"
"Make sure the To Date is later than or the same as the From Date.","Assicurarsi che il valore del campo Alla data sia maggiore o uguale al valore del campo Dalla data."
"Sorry, but we can't find the new parent category you selected.","Purtroppo non è possibile trovare la nuova categoria padre che hai selezionato."
"Sorry, but we can't find the new category you selected.","Purtroppo non è possibile trovare la nuova categoria che hai selezionato."
"We can't move the category because the parent category name matches the child category name.","Non è possibile spostare la categoria perchè il nome della categoria padre è uguale al nome della categoria figlia."
"Can't delete root category.","Impossibile cancellare la categoria root."
"The value of attribute ""%1"" must be unique.","Il valore dell'attributo ""%1"" deve essere unico."
"Default Product Listing Sort by does not exist in Available Product Listing Sort By.","L'Ordinamento dell'Elenco Prodotti di Default non esiste tra gli Ordinamenti degli Elenchi Prodotti Disponibili."
"No layout updates","Nessun aggiornamento del layout"
"Products only","Solo prodotti"
"Static block only","Solo blocco statico"
"Static block and products","Prodotti e blocco statico"
"Please select a static block.","Seleziona un blocco statico."
"frontend_label","frontend_label"
"Could not save product ""%1"" with position %2 to category %3","Impossibile salvare il prodotto ""%1"" con posizione %2 nella categoria %3"
"Category does not contain specified product","La categoria non contiene il prodotto specificato"
"Could not save product ""%product"" with position %position to category %category","Non è possibile salvare il prodotto ""%product"" con posizione %position per la categoria %category"
"Operation do not allow to move a parent category to any of children category","L'operazione non permette di muovere una categoria padre in nessuna della categorie figlie"
"Could not move category","Impossibile spostare la categoria"
"Could not save category: %1","Impossibile salvare la categoria: %1"
"Cannot delete category with id %1","Impossibile cancellare la categoria con id %1"
"-- Please Select a Category --","-- Seleziona una categoria--"
"Grid Only","Solo griglia"
"List Only","Solo elenco"
"Grid (default) / List","Griglia (impostazione predefinita) / elenco"
"List (default) / Grid","Elenco (impostazione predefinita) / griglia"
"Automatic (equalize price ranges)","Automatico (eguaglia le fasce di prezzo)"
"Automatic (equalize product counts)","Automatico (eguaglia i conteggi dei prodotti)"
"Manual","Manuale"
"Fixed","Fisso"
"Percent","Percentuale"
"-- Please select --","-- Seleziona --"
"Product Thumbnail Itself","Miniatura Prodotto stessa"
"Parent Product Thumbnail","Miniatura Prodotto Padre"
"12h AM/PM","12 ore AM/PM"
"24h","24 ore"
"Stretch","Stira"
"Tile","Affianca"
"Top/Left","In alto a sinistra"
"Top/Right","In alto a destra"
"Bottom/Left","In basso a sinistra"
"Bottom/Right","In basso a destra"
"Center","Centro"
"%1 doesn't extends \Magento\Framework\Model\AbstractModel","%1 non estende \Magento\Framework\Model\AbstractModel"
"Unknown EAV indexer type ""%1"".","Indice EAV di tipo ""%1"" sconosciuto."
"We can't rebuild the index for an undefined product.","Impossibile ricostruire l'indice per un prodotto indefinito."
"Bad value was supplied.","È stato inserito un valore non valido."
"The Flat Catalog module has a limit of %2$d filterable and/or sortable attributes.Currently there are %1$d of them.Please reduce the number of filterable/sortable attributes in order to use this module","Il modulo catalogo flat ha il limite di %2$d attributi filtrabili e/o ordinabili. Attualmente ci sono %1$d di questi. Per favore, riduci il numero di attributi filtrabili/ordinabili per usare questo modulo"
"Unsupported product type ""%1"".","Prodotto di tipo ""%1"" non supportato."
"Please correct the category.","Si prega di correggere la categoria."
"Must be category model instance or its id.","Deve essere un'istanza del modello categoria o il suo id."
"The attribute model is not defined.","Il modello di attributo non è definito."
"Category","Categoria"
"%1 - %2","%1 - %2"
"%1 was not found in algorithms","%1 non è stato trovato negli algoritmi"
"%1 doesn't extend \Magento\Catalog\Model\Layer\Filter\Dynamic\AlgorithmInterface","%1 non estende \Magento\Catalog\Model\Layer\Filter\Dynamic\AlgorithmInterface"
"%1 doesn't extends \Magento\Catalog\Model\Layer\Filter\AbstractFilter","%1 non estende \Magento\Catalog\Model\Layer\Filter\AbstractFilter"
"The filter must be an object. Please set the correct filter.","Il filtro deve essere un oggetto. Per favore imposta il filtro corretto."
"Clear Price","Pulisci Prezzo"
"%1 and above","%1 e sopra"
"The filters must be an array.","I filtri devono essere un array."
"The image does not exist.","L'immagine non esiste."
"Please correct the image file type.","Correggere il tipo di file dell'immagine."
"We couldn't move this file: %1.","Impossibile spostare questo file: %1."
"Group price must be a number greater than 0.","Il prezzo del gruppo deve essere un numero maggiore di 0."
"We couldn't copy file %1. Please delete media with non-existing images and try again.","Impossibile copiare il file %1. Eliminare media con immagini non esistenti e riprovare."
"Media Gallery converter should be an instance of EntryConverterInterface.","Il convertitore della galleria Media dovrebbe essere un'istanza di EntryConverterInterface."
"There is no MediaGalleryEntryConverter for given type","Non c'è nessun MediaGalleryEntryConverter per il tipo dato"
"Please enter a number 0 or greater in this field.","Inserire un numero maggiore o uguale a 0 in questo campo."
"The value of attribute ""%1"" must be set","Il valore dell'attributo ""%1"" deve essere impostato"
"SKU length should be %1 characters maximum.","La lunghezza dello SKU deve essere di massimo %1 caratteri."
"Please enter a valid number in this field.","Inserire un numero valido in questo campo."
"We found a duplicate website, tier price, customer group and quantity.","Sono stati trovati un website, una fascia di prezzo, un gruppo clienti e una quantità duplicati."
"Invalid option id %1","Opzione non valida id %1"
"Can not create attribute set based on non product attribute set.","Impossibile creare un set di attributi basato su un set di attributi non di prodotto."
"Can not create attribute set based on not existing attribute set","Impossibile creare un set di attributi basato su un set di attributi non esistente"
"Provided Attribute set non product Attribute set.","Il set di attributi fornito non è un set di attributi prodotto."
"Use config","Utilizzare config"
"Enabled","Abilitato"
"Disabled","Disabilitato"
"Attribute Set already exists.","Gruppo di attributi già presente."
"Requested product does not support images.","Il prodotto richiesto non supporta le immagini."
"The image content is not valid.","Il contenuto dell'immagine non è valido."
"Cannot save product.","Non è possibile salvare il prodotto."
"Failed to save new media gallery entry.","Salvataggio nuova voce galleria media fallito."
"There is no image with provided ID.","Non c'è nessuna immagine con l'ID fornito."
"Such product doesn't exist","Prodotto inesistente"
"Such image doesn't exist","Immagine inesistente"
"We can't find the image file.","Impossibile trovare l'immagine."
"The option type to get group instance is incorrect.","Il tipo di opzione per ottenere l'istanza del gruppo non è corretto."
"Select type options required values rows.","Seleziona le righe dei valori di tipo di opzioni richiesti."
"Could not save product option","Impossibile salvare l'opzione del prodotto"
"Could not remove custom option","Impossibile rimuovere opzione personalizzata"
"Please specify date required option(s).","Specifica le opzioni obbligatorie della data."
"Please specify time required option(s).","Specifica le opzioni obbligatorie dell'ora."
"Please specify product's required option(s).","Specificare le opzioni obbligatorie del prodotto."
"The option instance type in options group is incorrect.","Il tipo di istanza di opzione nel gruppo di opzioni non è corretto."
"The product instance type in options group is incorrect.","Il tipo di istanza del prodotto nel gruppo di opzioni è incorretto."
"The configuration item option instance in options group is incorrect.","L'istanza di opzione dell'oggetto di configurazione nel gruppo di opzioni è incorretta."
"The configuration item instance in options group is incorrect.","L'istanza dell'oggetto di configurazione nel gruppo di opzioni è incorretta."
"The BuyRequest instance in options group is incorrect.","L'istanza BuyRequest nel gruppo di opzioni non è corretta."
"We can't add the product to the cart because of an option validation issue.","Impossibile aggiungere il prodotto al carrello per un problema di convalida di un'opzione."
"%1 doesn't extends \Magento\Catalog\Model\Product\Option\Type\DefaultType","%1 non estende \Magento\Catalog\Model\Product\Option\Type\DefaultType"
"The file options format is not valid.","Il formato opzioni del file non è valido."
"px.","px."
"The file '%1' for '%2' has an invalid extension.","Il file '%1' per '%2' ha un'estensione non valida."
"The maximum allowed image size for '%1' is %2x%3 px.","La massima dimensione immagine permessa per '%1' è %2x%3 px."
"The file '%1' you uploaded is larger than the %2 megabytes allowed by our server.","Il file '%1' che hai caricato è più grande del limite di %2 Megabytes permesso dal server."
"The file '%1' is empty. Please choose another one","Il file '%1' è vuoto. Si prega di sceglierne un altro"
"The file '%1' is invalid. Please choose another one","Il file '%1' non è valido. Si prega di sceglierne un altro"
"File '%1' is not an image.","File '%1' non è un'immagine."
"Validation failed. Required options were not filled or the file was not uploaded.","Convalida fallita. Le opzioni necessarie non sono state compilate oppure il file non è stato caricato."
"The file you uploaded is larger than %1 Megabytes allowed by server","Il file che hai caricato è più grande del limite di %1 Megabytes permesso dal server"
"Option required.","Opzione necessaria."
"The file is empty. Please choose another one","Il file è vuoto. Si prega di sceglierne un altro"
"Some of the selected item options are not currently available.","Alcune delle opzioni dell'oggetto selezionate non sono al momento disponibili."
"The text is too long.","Il testo è troppo lungo."
"This product doesn't have tier price","Questo prodotto non ha fasce di prezzo"
"Product hasn't group price with such data: customerGroupId = '%1', website = %2, qty = %3","Il prodotto non ha un prezzo di gruppo con questi dati: customerGroupId = '%1', website = %2, qty = %3"
"Invalid data provided for tier_price","I dati forniti per tier_price non sono validi"
"Please provide valid data","Fornire dati validi"
"Values of following attributes are invalid: %1","I valori dei seguenti attributi non sono validi: %1"
"Could not save group price","Impossibile salvare prezzo dei gruppi"
"We can't create writeable directory \"%1\".","Impossibile creare una directory scrivibile \"%1\"."
"The file upload failed.","Caricamento file non riuscito."
"The product has required options.","Il prodotto ha opzioni obbligatorie."
"Something went wrong while processing the request.","Qualcosa è andato storto durante l'elaborazione della richiesta."
"%1 doesn't extends \Magento\Catalog\Model\Product\Type\AbstractType","%1 non si estende a \Magento\Catalog\Model\Product\Type\AbstractType"
"%1 doesn't extends \Magento\Catalog\Model\Product\Type\Price","%1 non si estende a \Magento\Catalog\Model\Product\Type\Price"
"Not Visible Individually","Non visibile singolarmente"
"Search","Cerca"
"Catalog, Search","Catalogo, ricerca"
"Something went wrong while removing products from the websites.","Qualcosa è andato storto durante la rimozione dei prodotti dai siti Web."
"Something went wrong while adding products to websites.","Qualcosa è andato storto durante l'aggiunta dei prodotti ai siti Web."
"Group with id ""%1"" does not exist.","Il gruppo con id ""%1"" non esiste."
"Attribute group that contains system attributes can not be deleted","I gruppi di attributi che contengono attributi di sistema non possono essere eliminati"
"Collection provider is not registered","Provider collection non è registrato"
"Unknown link type: %1","Tipo link sconosciuto: %1"
"Provided link type ""%1"" does not exist","Il tipo di link fornito ""%1"" non esiste"
"Invalid data provided for linked products","Inseriti dati invalidi per i prodotti collegati"
"Product with SKU %1 is not linked to product with SKU %2","Il prodotto con SKU %1 non è collegato al prodotto con SKU %2"
"Product %1 doesn't have linked %2 as %3","Il prodotto %1 non ha %2 collegato come %3"
"Requested product doesn't exist","Il prodotto richiesto non esiste"
"Product option with id %1 does not exist","L'opzione prodotto con id %1 non esiste"
"Product with SKU ""%1"" does not exist","Il prodotto con SKU ""%1"" non esiste"
"Invalid product data: %1","Dati di prodotto non valido: %1"
"Unable to remove product %1","Impossibile rimuovere il prodotto %1"
"There are not websites for assign to product","Non ci sono siti web da assegnare al prodotto"
"Could not assign product ""%1"" to websites ""%2""","Non si può assegnare il prodotto ""%1"" ai siti Web ""%2"""
"Could not save product ""%1"" with websites %2","Non si può salvare il prodotto ""%1"" con i siti Web %2"
"Attribute '%1' is locked. %2","L'attributo '%1' è bloccato. %2"
"Do not change the scope. %1","Non modificare l'ambito. %1"
"A product type is not defined for the indexer.","Non è stato definito un tipo di prodotto per l'indicizzatore."
"%1 doesn't extend \Magento\Catalog\Model\ResourceModel\Product\Indexer\Price\DefaultPrice","%1 non estende \Magento\Catalog\Model\Resource\Product\Indexer\Price\DefaultPrice"
"Multiple Select","Selezione multipla"
"Dropdown","Menu a tendina"
"%1 doesn't extend \Magento\Framework\Filter\Template","%1 non si estende a \Magento\Framework\Filter\Template"
"As low as","A partire da"
"message","messaggio"
"fl","fl"
"123","123"
"Select...","Seleziona..."
"Are you sure you want to delete this category?","Sei sicuro di voler cancellare questa categoria?"
"ID: %1","ID: %1"
"Set root category for this store in the <a href=""%1"">configuration</a>.","Impostare categoria di root per questo negozio in <a href=""%1"">configurazione</a>."
"This operation can take a long time","Questa operazione può richiedere molto tempo"
"Collapse All","Comprimi tutto"
"Expand All","Espandi Tutto"
"Please confirm site switching. All data that hasn't been saved will be lost.","Si prega di confermare il cambio ambito di applicazione. Tutti i dati non salvati andranno persi."
"Use Default Value","Usa il valore predefinito"
"Manage Titles (Size, Color, etc.)","Gestisci titoli (dimensione, colori, ecc.)"
"Manage Options (values of your attribute)","Gestisci le opzioni (valori dell'attributo)"
"Is Default","È predefinito"
"Add Option","Aggiungi opzione"
"Sort Option","Opzioni di ordinamento"
"Groups","Gruppi"
"Double click on a group to rename it.","Doppio clic su un gruppo per rinominarlo."
"Unassigned Attributes","Attributi non assegnati"
"A name is required.","È richiesto un nome."
"This group contains system attributes. Please move system attributes to another group and try again.","Questo gruppo contiene degli attributi di sistema. Spostare gli attributi di sistema in un altro gruppo e riprovare."
"Please enter a new group name.","Inserisci il nome del nuovo gruppo."
"An attribute group named \"/name/\" already exists\".","Un gruppo di attributi denominato \"nome/\" esiste già\"."
"Sorry, we're unable to complete this request.","Impossibile completare questa richiesta."
"You can't remove attributes from this attribute set.","Non è possibile rimuovere gli attributi da questo set di attributi."
"Custom Options","Opzioni personalizzate"
"This is a required option.","Opzione obbligatoria."
"The field isn't complete.","Il campo non è completo."
"Compatible file extensions to upload","Estensioni file compatibili per l'upload"
"Maximum image width","Larghezza massima dell'immagine"
"Maximum image height","Altezza massima dell'immagine"
"Maximum number of characters:","Numero massimo di caratteri:"
"start typing to search template","digitare del testo per cercare un modello"
"Product online","Prodotto online"
"Product offline","Prodotto offline"
"Product online status","Stato del prodotto online"
"Manage Stock","Gestisci scorte"
"Qty","Qtà"
"Out-of-Stock Threshold","Soglia di non disponibilità"
"Minimum Qty Allowed in Shopping Cart","Qtà minima consentita nel carrello"
"Maximum Qty Allowed in Shopping Cart","Qtà massima consentita nel carrello"
"Qty Uses Decimals","Qtà utilizza decimali"
"Backorders","Backorders"
"Notify for Quantity Below","Notifica per quantità inferiore"
"Enable Qty Increments","Abilita incrementi qtà"
"Qty Increments","Incrementi qtà"
"Stock Availability","Disponibilità"
"In Stock","Disponibile"
"Out of Stock","Non Disponibile"
"Add Product To Websites","Aggiungi prodotto ai siti web"
"Remove Product From Websites","Rimuovi il prodotto dai siti Web"
"To hide an item in catalog or search results, set the status to ""Disabled"".","Per nascondere un articolo nei risultati di ricerca o nel catalogo, impostare lo stato su ""Disabilitato""."
"We can't save custom-defined options for bundles with dynamic pricing.","Impossibile salvare opzioni personalizzate per prodotti bundle con prezzo dinamico."
"Delete Custom Option","Elimina l'opzione personalizzata"
"Sort Custom Options","Ordina opzioni personalizzate"
"Option Title","Titolo opzione"
"Input Type","Tipo di input"
"Required","Obbligatorio"
"Price Type","Tipo di prezzo"
"Compatible File Extensions","Estensioni di File compatibili"
"Maximum Image Size","Dimensione massima dell'immagine"
"%1 <span>x</span> %2 <span>px.</span>","%1 <span>x</span> %2 <span>px.</span>"
"Please leave blank if it is not an image.","Lascia vuoto se non si tratta di un'immagine."
"Title","Titolo"
"Sort Custom Option","Ordina opzioni personalizzate"
"Max Characters","Numero massimo caratteri"
"Customer Group","Gruppo clienti"
"Item Price","Prezzo Articolo"
"Action","Azione"
"and above","e sopra"
"Delete Tier","Elimina fascia"
"Product In Websites","Prodotto In siti Web"
"(Copy data from: %1)","(Copia dati da: %1)"
"Alt Text","Testo alternativo"
"Role","Ruolo"
"Hide from Product Page","Nascondi dalla pagina prodotto"
"Close panel","Chiudi pannello"
"Product Alerts","Avvisi prodotto"
"Allow Multiple Boxes for Shipping.","Consenti più scatole per spedizione."
"start typing to search attribute","inizia a digitare per cercare l'attributo"
"Basic Settings","Impostazioni di Base"
"Advanced Settings","Impostazioni avanzate"
"Changes have been made to this section that have not been saved.","Sono state apportate modifiche a questa sezione che non sono state salvate."
"This tab contains invalid data. Please resolve this before saving.","Questa scheda contiene dati non validi. Risolvi il problema prima di salvare."
"Actions","Azioni"
"Mass Actions","Azioni massive"
"Select All","Seleziona tutto"
"Unselect All","Deseleziona tutto"
"Select Visible","Seleziona visibili"
"Unselect Visible","Deseleziona visibili"
"Special Price","Prezzo speciale"
"Regular Price","Prezzo normale"
"Buy %1 for: ","Acquista %1 per: "
"Buy %1 for %2 each and <strong class=""benefit"">save<span class=""percent tier-%3"">&nbsp;%4</span>%</strong>","Acquista %1 a %2 ciascuno e <strong class=""benefit"">risparmia<span class=""percent tier-%3"">&nbsp;%4</span>%</strong>"
"Buy %1 for %2 each","Acquista %1 a %2 ognuno"
"Shop By","Naviga per"
"Shopping Options","Opzioni"
"Compare Products","Confronta Prodotti"
"Print This Page","Stampa questa pagina"
"Remove Product","Rimuovere il prodotto"
"Add to Cart","Aggiungi al Carrello"
"In stock","Disponibile"
"Out of stock","Non Disponibile"
"Add to Wish List","Aggiungi alla lista desideri"
"You have no items to compare.","Non ci sono articoli da confrontare."
"Remove This Item","Rimuovi questo articolo"
"Compare","Confronta"
"Clear All","Cancella tutto"
"Prev","Prec"
"Next","Successivo"
"We can't find products matching the selection.","Nessun prodotto corrispondete alla selezione è stato trovato."
"Add to Compare","Aggiungi al confronto"
"Learn More","Scopri di più"
"We found other products you might like!","Abbiamo trovato altri prodotti che ti potrebbero interessare!"
"More Choices:","Più scelte:"
"Check items to add to the cart or","Controlla gli articoli da aggiungere al carrello oppure"
"select all","seleziona tutto"
"Items %1-%2 of %3","Articoli %1-%2 di %3"
"%1 Item","%1 elemento"
"%1 Items","%1 elementi"
"Show","Mostra"
"per page","per pagina"
"Sort By","Ordina per"
"Set Ascending Direction","Imposta la direzione crescente"
"Set Descending Direction","Imposta la direzione decrescente"
"View as","Mostra come"
"More Information","Maggiori Informazioni"
"Loading...","Caricamento..."
"* Required Fields","* Campi obbligatori"
"Availability","Disponibilita'"
"Warning message","Messaggio di avviso"
"Ok","Ok"
"Cancel","Annulla"
"Submit","Invia"
"We don't recognize or support this file extension type.","Non è possibile riconoscere o supportare questo tipo di estensione file."
"Configure Product","Configura prodotto"
"OK","OK"
"Select type of option.","Seleziona il tipo di opzione."
"Please add rows to option.","Aggiungi righe all'opzione."
"New Option","Nuova Opzione"
"Select Product","Seleziona prodotto"
"Please select items.","Seleziona elementi."
"Choose existing category.","Scegli categoria esistente."
"Create Category","Crea Categoria"
"Image Detail","Immagine dettaglio"
"unselect all","deseleziona tutti"
"Small","Piccolo"
"Main","Main"
"Thumbnail","Miniatura"
"Custom image","Custom image"
"Product Fields Auto-Generation","Auto-generazione campi prodotto"
"Mask for SKU","Maschera per SKU"
"Use {{name}} as Product Name placeholder","Utilizzare {{name}} come segnaposto del nome del prodotto"
"Mask for Meta Title","Maschera per Meta Title"
"Mask for Meta Keywords","Maschera per le Meta Keywords"
"Use {{name}} as Product Name or {{sku}} as Product SKU placeholders","Utilizza {{name}} come nome del prodotto o {{sku}} come segnaposto SKU prodotto"
"Mask for Meta Description","Maschera per Meta Description"
"Use {{name}} and {{description}} as Product Name and Product Description placeholders","Utilizza {{name}} e {{description}} come segnaposto del nome del prodotto e descrizione del prodotto"
"Storefront","Frontend"
"List Mode","Modalità elenco"
"Products per Page on Grid Allowed Values","Prodotti per pagina nei valori permessi della griglia"
"Comma-separated.","Separati da virgole."
"Products per Page on Grid Default Value","Prodotti per pagina nel valore predefinito della griglia"
"Must be in the allowed values list","Deve essere incluso nell'elenco dei valori consentiti"
"Products per Page on List Allowed Values","Prodotti per pagina nei valori permessi dell'elenco"
"Products per Page on List Default Value","Prodotti per pagina nel valore predefinito dell'elenco"
"Use Flat Catalog Category","Usa le categorie di catalogo flat"
"Use Flat Catalog Product","Usa i prodotti di catalogo flat"
"Product Listing Sort by","Ordinamento Prodotti"
"Allow All Products per Page","Permetti di mostrare tutti i prodotti per pagina"
"Whether to show ""All"" option in the ""Show X Per Page"" dropdown","Se si imposta l'opzione ""Tutti"" nel menu a discesa ""Mostra X per pagina"""
"Allow Dynamic Media URLs in Products and Categories","Consenti le Dynamic media URL nei prodotti e nelle categorie"
"E.g. {{media url=""path/to/image.jpg""}} {{skin url=""path/to/picture.gif""}}. Dynamic directives parsing impacts catalog performance.","Ad esempio {{media url=""path/to/image.jpg""}} {{skin url=""path/to/picture.gif""}}. Le direttive sul parsing dinamico impattano sulle performance del catalogo."
"Product Image Placeholders","Placeholders Immagini prodotto"
"Search Engine Optimization","Ottimizzazione Motori di ricerca"
"Page Title Separator","Separatore titolo pagina"
"Use Canonical Link Meta Tag For Categories","Utilizza il Meta Tag Link canonico per le categorie"
"Use Canonical Link Meta Tag For Products","Utilizza il Meta Tag Link canonico per i prodotti"
"Catalog Price Scope","Ambito del prezzo di catalogo"
"This defines the base currency scope (""Currency Setup"" > ""Currency Options"" > ""Base Currency"").","Questo definisce l'ambito della valuta di base (""Installazione Valuta"" > ""Opzioni valuta"" > ""Valuta di Base"")."
"Category Top Navigation","Category Top Navigation"
"Maximal Depth","Profondità massima"
"Date & Time Custom Options","Opzioni personalizzate data e ora"
"Use JavaScript Calendar","Utilizza il calendario JavaScript"
"Date Fields Order","Ordine campi data"
"Time Format","Formato Ora"
"Year Range","Intervallo di anni"
"Please use a four-digit year format.","Utilizza il formato per l'anno a quattro cifre."
"Product Image Watermarks","Filigrana Immagine Prodotto"
"Watermark Default Size","Dimensione predefinita della filigrana"
"Watermark Opacity, Percent","Opacità filigrana, percentuale"
"Watermark","Filigrana"
"Watermark Position","Posizione della filigrana"
"Use Static URLs for Media Content in WYSIWYG for Catalog","Utilizza gli URL statici per contenuti multimediali in modalità WYSIWYG per il catalogo"
"This applies only to catalog products and categories. Media content will be inserted into the editor as a static URL. Media content is not updated if the system configuration base URL changes.","Questo vale solo per categorie e catalogo prodotti. I contenuti multimediali verranno inseriti nell'editor come URL statici. I contenuti multimediali non vengono aggiornati se la configurazione del sistema base URL cambia."
"Top Level Category","Top Level Category"
"Product Flat Data","Dati Prodotto Flat"
"Reorganize EAV product structure to flat structure","Riorganizza struttura prodotti EAV in una struttura flat"
"Category Flat Data","Dati Categoria Flat"
"Reorganize EAV category structure to flat structure","Riorganizza struttura categorie EAV in una struttura flat"
"Indexed category/products association","Associazione categoria/prodotti indicizzato"
"Product Categories","Categorie di prodotto"
"Indexed product/categories association","Associazione prodotto/categorie indicizzato"
"Product Price","Prezzo del prodotto"
"Index product prices","Indice prezzi prodotti"
"Product EAV","EAV prodotto"
"Index product EAV","Indicie EAV prodotti"
"Catalog New Products List","Elenco nuovi prodotti catalogo"
"List of Products that are set as New","Elenco dei prodotti che vengono impostati come Nuovi"
"Display Type","Tipo di visualizzazione"
"All products - recently added products, New products - products marked as new","Tutti i prodotti - prodotti aggiunti di recente, nuovi prodotti - i prodotti contrassegnati come nuovi"
"All products","Tutti i prodotti"
"New products","Nuovi prodotti"
"Display Page Control","Mostra controllo pagina"
"Number of Products per Page","Numero di prodotti per pagina"
"Number of Products to Display","Numero di prodotti da visualizzare"
"Template","Template"
"New Products Grid Template","Template griglia nuovi prodotti"
"New Products List Template","Template elenco nuovi prodotti"
"New Products Images and Names Template","Nomi ed Immagini template nuovi prodotti"
"New Products Names Only Template","Solo i nomi template nuovi prodotti"
"New Products Images Only Template","Solo le immagini template nuovi prodotti"
"Cache Lifetime (Seconds)","Durata della cache (secondi)"
"86400 by default, if not set. To refresh instantly, clear the Blocks HTML Output cache.","86400 di default, se non impostato. Per aggiornare immediatamente, cancellare la cache dell'Output HTML dei blocchi."
"Catalog Product Link","Link prodotto catalogo"
"Link to a Specified Product","Link ad un prodotto specifico"
"Select Product...","Seleziona il prodotto..."
"Anchor Custom Text","Ancora testo personalizzato"
"If empty, we'll use the product name here.","Se vuoto, verrà utilizzato il nome del prodotto qui."
"Anchor Custom Title","Titolo personalizzato ancora"
"Product Link Block Template","Template blocco link prodotto"
"Product Link Inline Template","Template inline link prodotto"
"Catalog Category Link","Link categoria Catalogo"
"Link to a Specified Category","Link a una categoria specifica"
"Select Category...","Seleziona la categoria..."
"If empty, we'll use the category name here.","Se vuoto, verrà utilizzato il nome della categoria qui."
"Category Link Block Template","Template blocco link categoria"
"Category Link Inline Template","Template inline link categoria"
"Set","Imposta"
"All Store Views","Tutte le Viste Negozio"
"Delete items","Elimina elementi"
"Delete selected items?","Elimina elementi selezionati?"
"Change status","Modifica lo status"
"Enable","Attiva"
"Disable","Disattiva"
"Update attributes","Aggiorna gli attributi"
"none","nessuno"
"Overview","Anteprima"
"Details","Dettagli"
